item,count
chambre,630
emplacement,585
petit-dejeuner,449
personnel,404
hotel,378
accueil,247
parking,209
petit,187
salle_de_bain,187
agreable,163
port,159
vue,155
place,146
situer,145
confortable,126
parfait,123
NUM,121
calme,119
bruit,115
ideal,112
propre,109
literie,102
rochelle,94
centre-ville,92
manque,90
situation,90
nuit,88
douche,88
proprete,84
excellent,83
vieux_port,81
fenetre,80
qualite,80
super,78
proximite,73
lit,72
confort,64
top,64
accueillant,64
eau,62
prix,60
bruyant,59
rue,58
centre,57
porte,57
climatisation,57
sympathique,56
vraiment,54
grand,53
clim,51
balcon,50
pied,49
matin,48
baignoire,48
sejour,47
toilette,46
etablissement,46
restaurant,46
localisation,45
ville,43
produit,42
exterieur,41
copieux,41
decoration,41
bar,40
pratique,40
falloir,40
service,40
soir,39
geographique,38
chaleureux,38
insonorisation,38
face,36
choix,36
impossible,36
aimable,36
entendre,36
serviette,35
chaud,35
sympa,35
gentillesse,35
visiter,34
varier,34
NUMh,33
souriant,32
cote,32
recommander,32
acces,32
odeur,31
ecoute,31
rapport_qualite-prix,30
rien_a_signaler,30
spacieux,30
buffet,30
deco,30
dormir,29
voiture,29
prendre,29
voisin,28
wc,28
mal,28
dommage,27
mauvais,27
demande,27
equipement,26
amabilite,26
possibilite,26
travail,26
disponible,26
bel,25
magnifique,25
exceptionnel,24
arrivee,24
joli,24
menage,24
coeur,23
idealement,23
fonctionnel,23
complet,23
trouver,22
correct,22
fermer,22
reserver,22
couloir,22
pain,22
taille,21
terrasse,21
quartier,21
cadre,21
ventilateur,21
lieu,21
isolation,21
revenir,21
jour,21
superbe,21
gout,21
salle,21
tour,20
rideau_de_douche,20
chaleur,20
point,20
simple,20
client,20
apprecier,20
desagreable,20
difficile,20
disponibilite,19
cafe,19
professionnel,19
frais,19
mur,19
rapport,19
espace,19
covid,19
vieux,18
partout,18
probleme,18
oreiller,18
lavabo,18
insonoriser,18
prestation,18
prive,18
local,18
vouloir,17
ambiance,17
isolation_phonique,17
double,17
etage,17
aime,17
mettre,17
eleve,17
serviable,17
interieur,17
absence,16
part,16
obliger,16
appreciable,16
verriere,16
sol,16
fonctionner,16
a_deux_pas,16
dur,16
payer,15
fort,15
ascenseur,15
savon,15
salle_de_eau,15
besoin,15
gentil,15
vieillot,15
proposer,15
equipe,15
charmant,15
garer,15
repas,15
maison,15
conseiller,15
moyen,14
enfant,14
donne,14
heure,14
limite,14
niveau,14
penser,14
gros,14
payant,14
cosy,14
central,13
temps,13
chaude,13
gare,13
plafond,13
disposition,13
etroit,13
pris,13
moderne,13
pression,13
week-end,13
genial,12
seche-cheveux,12
reception,12
cause,12
vitrage,12
chauffage,12
impeccable,12
poser,12
dejeuner,12
entree,12
coup,12
rideau,12
demander,12
depart,12
volet,11
quai,11
vetuste,11
bienvenu,11
arriver,11
venir,11
tard,11
insuffisant,11
accessible,11
chasse,11
froid,11
renover,11
loin,11
sanitaire,11
valise,11
croissant,11
tarif,11
saint,11
revoir,11
NUM€,11
reservation,11
plateau,11
ferme,11
refaire,11
the,11
periode,11
decorer,11
nicolas,11
ds,10
mieux,10
receptionniste,10
extremement,10
table,10
soin,10
partie_commune,10
climatise,10
femme,10
facile,10
rangement,10
canicule,10
frigo,10
boisson,10
regler,10
minuscule,10
stationnement,10
lumiere,10
restauration,10
euro,10
sale,10
attention,10
familiale,9
moment,9
detail,9
bagage,9
wifi,9
redire,9
patron,9
necessaire,9
parfaitement,9
donner,9
oublier,9
bemol,9
peinture,9
exigu,9
etoiler,9
efficace,9
prevoir,9
main,9
renovation,9
leger,9
faible,9
isole,9
rafraichissement,9
irreprochable,9
viennoiserie,9
cas,9
booking,9
suite,9
velo,9
endroit,8
isoler,8
bouchon,8
placard,8
donnant,8
fruit,8
mise,8
complique,8
vrai,8
forte,8
meriter,8
signaler,8
adorable,8
minute,8
conseil,8
matelas,8
veille,8
air,8
nouveau,8
plaisir,8
diner,8
du,7
sortir,7
journee,7
attentionne,7
mois,7
animation,7
aquarium,7
NUMeme,7
changer,7
defaut,7
hesiter,7
minimaliste,7
vmc,7
charme,7
doubler,7
entretien,7
carte,7
laver,7
retourner,7
coin,7
finition,7
ventilation,7
gel,7
decouvrir,7
partie,7
faute,7
centrale,7
marcher,7
musique,7
prise,7
monde,7
quantite,7
question,7
lumineux,7
rentrer,7
commun,7
correspondre,7
bouteille,7
vehicule,7
pret,7
soigner,7
delicieux,7
salon,7
cour,7
servir,7
rez-de-chaussee,6
court,6
profiter,6
ouvre,6
tres,6
proprietaire,6
accrocher,6
penderie,6
ensemble,6
venant,6
acceder,6
debit,6
securiser,6
famille,6
present,6
tv,6
grandeur,6
chose,6
tele,6
empecher,6
commodite,6
crochet,6
attente,6
humidite,6
samedi,6
doute,6
tapisserie,6
facilement,6
affaire,6
systeme,6
terrible,6
bain,6
employer,6
hygiene,6
ancien,6
souhaiter,6
agencer,6
chance,6
casser,6
pourtant,6
zone,6
supplementaire,6
supplement,6
preciser,6
decevant,6
recemment,6
marche,6
NUMhNUM,6
manger,6
lendemain,6
raison,6
etouffant,6
equiper,6
peiner,6
ameliorer,6
photo,6
difficulte,6
heureusement,6
coule,6
equipee,6
superieur,6
oeuf,6
bouilloire,5
patere,5
adorer,5
manteau,5
separer,5
utile,5
malheureusement,5
entendu,5
deranger,5
aout,5
moyenne,5
environnement,5
chercher,5
accueillir,5
brouiller,5
television,5
position,5
organiser,5
marathon,5
cuvette,5
aeration,5
fin,5
decoller,5
choisir,5
ranger,5
nocturne,5
imprenable,5
vetement,5
aerer,5
tomber,5
commerce,5
poussiere,5
batiment,5
inexistant,5
moquetter,5
trace,5
electrique,5
drap,5
pommeau_de_douche,5
ok,5
sonore,5
nauseabond,5
conversation,5
continuer,5
confiture,5
beurre,5
verre,5
avance,5
placer,5
refrigerateur,5
sortie,5
offrir,5
bac,5
papier,5
accroche,5
excessif,5
completement,5
merite,5
nettoyage,5
compte,5
tenu,5
diversite,5
repondre,5
nettoyer,5
formidable,5
telecommande,5
preferer,5
jeune,5
dure,5
positif,5
mn,5
chien,5
meilleur,5
triple,5
decu,5
utiliser,5
manquer,5
deplacer,5
panne,5
veranda,5
toit,5
sucrer,5
mesure,5
bocal,5
mini,5
support,4
pendre,4
negatif,4
fetard,4
mer,4
jus_de_orange,4
brasserie,4
vis,4
incroyable,4
minimum,4
shampoing,4
boutique,4
aide,4
beneficier,4
tiede,4
conforme,4
grosse,4
egout,4
rafraichir,4
revanche,4
finalement,4
hyper,4
legerement,4
dimanche,4
plage,4
fuite,4
fabuleux,4
laisse,4
doux,4
vie,4
planche,4
NUMer,4
secher,4
escalier,4
fromage,4
touristique,4
standing,4
difficilement,4
apporter,4
clientele,4
bouger,4
genou,4
horaire,4
note,4
jus_de_fruit,4
mou,4
fete,4
proteger,4
commentaire,4
interet,4
basique,4
option,4
pose,4
sympathie,4
parti,4
permis,4
genant,4
site,4
intimite,4
respect,4
reveiller,4
fermeture,4
membre,4
sommeil,4
desirer,4
insupportable,4
style,4
passe,4
bizarre,4
respecter,4
reponse,4
blanche,4
fraicheur,4
venue,4
disposer,4
descendre,4
fuir,4
moisissure,4
NUMmNUM,4
plan,4
sejourner,4
vivement,4
train,4
temperature,4
jamais,4
general,4
hauteur,4
cheveux,4
discret,4
charcuterie,4
chaine,4
silencieux,4
garage,4
elegant,4
avenant,4
decor,4
contrainte,4
offre,4
gluten,4
volonte,4
preparer,4
reactif,4
pandemie,4
comprendre,4
atmosphere,3
souci,3
gentiment,3
garder,3
etroite,3
barre,3
canal,3
soiree,3
courtois,3
soleil,3
kingsize,3
garde,3
chaise,3
discretion,3
systematiquement,3
pomme_de_douche,3
chauffer,3
stationner,3
correctement,3
avoisinant,3
surprise,3
milieu,3
coupe,3
raisonnable,3
plat,3
anime,3
immediat,3
strategique,3
abime,3
infiltration,3
canalisation,3
humide,3
acceuil,3
tot,3
etendre,3
bord,3
sachant,3
groupe,3
claquer,3
agencement,3
impossibilite,3
paroi,3
grave,3
adulte,3
changement,3
installer,3
evacuation,3
tombe,3
evier,3
reduit,3
vivant,3
francofolies,3
obligation,3
esperer,3
claire,3
moisir,3
quasi,3
bricoler,3
recevoir,3
meuble,3
bois,3
tache,3
arrangeant,3
balade,3
enormement,3
eme,3
colle,3
fond,3
tirer,3
entretenir,3
prochain,3
pente,3
attentif,3
location,3
gamme,3
fixe,3
poubelle,3
facturer,3
adapte,3
assis,3
rendu,3
longue,3
confirmer,3
responsable,3
attribuer,3
pieton,3
passage,3
adapter,3
idee,3
forme,3
parer,3
principal,3
cesser,3
climatiseur,3
tete,3
eclairage,3
diversifier,3
seul_bemol,3
bonjour,3
autour,3
inconvenient,3
programmer,3
ensuite,3
bassin,3
tisane,3
plinthe,3
ecran,3
jus,3
passant,3
annee,3
couler,3
monter,3
morceau,3
commercial,3
compenser,3
bouton,3
trou,3
office,3
coller,3
reposer,3
luminaire,3
lunette,3
allumer,3
shampooing,3
hall,3
imposer,3
salle_de_douche,3
inconfortable,3
surveiller,3
obsolete,3
bouche,3
ecouler,3
fourni,3
homme,3
apparemment,3
vitre,3
couette,3
couverture,3
telephoner,3
manquant,3
pluie,3
vide,3
presence,3
degre,3
reflexion,3
NUMe,3
nuisance,3
erreur,3
bienveillant,3
poele,3
savoureux,3
salle_de_sport,3
convivial,3
qualitatif,3
joliment,3
accessibilite,3
sur,3
room,3
oubli,3
gateau,3
reposant,3
geste,3
roulant,3
placette,3
reactivite,3
negligeable,3
design,3
restaurer,3
genereux,3
dame,3
professionnalisme,3
compose,3
habitude,3
satisfait,3
pomme,3
region,3
arrivant,3
couvert,3
libre,3
salade,3
exemple,3
animal,3
merveilleux,3
sens,3
limiter,3
protocole,3
pro,3
enregistrement,3
information,3
st,3
organisation,3
valoir,3
action,2
resto,2
public,2
serviette_de_bain,2
long,2
promener,2
reveil,2
semaine,2
maigre,2
normal,2
classique,2
suspendre,2
second,2
bagagerie,2
subir,2
tendance,2
arreter,2
laitage,2
accoler,2
succinct,2
couper,2
respectueux,2
lourde,2
fou,2
nickel,2
sommaire,2
important,2
terme,2
ouverture,2
jambe,2
foutu,2
armoire,2
poignee,2
bouchee,2
marque,2
minuit,2
linge,2
casse,2
convivialite,2
arret,2
s_de_bain,2
degager,2
cabine_de_douche,2
bateau,2
amoureux,2
participer,2
animer,2
artiste,2
defectueux,2
yaourt,2
check-in,2
night,2
remonter,2
bloquer,2
perdre,2
echantillon,2
subit,2
miroir,2
panoramique,2
epais,2
travailler,2
sommer,2
glissante,2
re,2
distributeur,2
positionner,2
souligner,2
grincer,2
frigidaire,2
rustique,2
coussin,2
activite,2
enorme,2
occupant,2
recent,2
element,2
presque,2
cout,2
strict,2
consigne,2
porter,2
discussion,2
retenir,2
age,2
inevitable,2
adresse,2
dej,2
eviter,2
linge_de_toilette,2
attenant,2
midi,2
asseoir,2
abattant,2
pommeau,2
justifier,2
simplement,2
mobilier,2
poli,2
convenable,2
rechercher,2
annonce,2
continu,2
veilleur,2
moderniser,2
salle_de_restaurant,2
incomplet,2
realiser,2
electricite,2
aider,2
accessoire,2
handicape,2
ventilo,2
doucher,2
serieux,2
protection,2
lamper,2
absent,2
clairement,2
precedent,2
voyageur,2
entretenu,2
irrespectueux,2
municipal,2
acceptable,2
veritable,2
preferable,2
loisir,2
gratuit,2
gener,2
large,2
faux,2
promenade,2
inondation,2
personel,2
serveuse,2
ressort,2
possedant,2
fortement,2
gerant,2
encan,2
aise,2
avantage,2
fenetres,2
raser,2
performant,2
execrable,2
gache,2
description,2
voix,2
haute,2
regarder,2
mousse,2
peindre,2
mediocre,2
abordable,2
adresser,2
essayer,2
aisement,2
aimer,2
habituer,2
plaindre,2
finale,2
realite,2
uniquement,2
indique,2
compatible,2
tapis_de_douche,2
certainement,2
remplir,2
indispensable,2
claustrophobe,2
resultat,2
joint,2
grille,2
cri,2
fil,2
madame,2
indelicat,2
digne,2
nom,2
cruellement,2
tapis,2
boire,2
sourire,2
ben,2
industriel,2
carrelage,2
intervention,2
sentiment,2
seconde,2
convier,2
mail,2
automatique,2
interrupteur,2
insalubre,2
hygienique,2
epouvantable,2
inutile,2
robinetterie,2
baguette,2
bordure,2
ballade,2
reactiver,2
etagere,2
couleur,2
tacher,2
revient,2
horrible,2
deconseiller,2
presente,2
touriste,2
extra,2
bordel,2
date,2
argent,2
tourisme,2
check-out,2
livraison,2
suivi,2
chocolat,2
camion,2
casi,2
rembourser,2
depanner,2
ibis,2
cogne,2
permanence,2
douchette,2
repos,2
reaction,2
malheur,2
presenter,2
typer,2
chevet,2
decongeler,2
neon,2
largement,2
italien,2
louable,2
hs,2
retrait,2
architecture,2
janvier,2
baisser,2
courant,2
pq,2
eloigne,2
standard,2
bonheur,2
voyager,2
royal,2
cachet,2
agreablement,2
ajouter,2
consommer,2
actuel,2
hausser,2
bio,2
beaute,2
lourd,2
experience,2
sincerement,2
vite,2
souvenir,2
amenagement,2
suffisamment,2
reproche,2
privatif,2
exister,2
reserve,2
speciale,2
mention,2
raffinement,2
esthetique,2
manoeuvre,2
commerciale,2
serein,2
entierement,2
supprimer,2
originalite,2
classe,2
endormir,2
ecart,2
interessant,2
hesitation,2
booking.com,2
commander,2
etroitesse,2
puissant,2
menu,2
condition,2
assurer,2
fiche,2
souple,2
cosi,2
onereux,2
obtenir,2
securite,2
comfortable,2
ecologique,2
rechange,2
hiver,2
rappeler,2
orienter,2
critere,2
crudite,2
consommation,2
garni,2
formule,2
effectuer,2
seche,2
rouleau,2
NUMmin,2
demarcher,2
verifier,2
vitree,2
final,2
lie,2
musee,2
pierre,2
suv,2
installation,2
terrain,2
NUM°,2
mis,2
manoeuvrer,2
proposition,2
configuration,2
nombre,2
regard,2
feu,2
couvrir,2
mansarde,2
machine_a_cafe,2
amenager,2
mari,2
litteralement,1
reve,1
biscornu,1
ergonomique,1
suggestion,1
previsible,1
balader,1
exiguite,1
plaisanter,1
recommencer,1
maree,1
calendrier,1
sourd,1
continuel,1
generer,1
spatieuse,1
etouffer,1
ouvrant,1
independant,1
fameux,1
typique,1
maniere,1
rapidement,1
repeter,1
connecter,1
voyage,1
salle_de_reception,1
rajouter,1
initialement,1
image,1
connexion,1
ronfler,1
satisfaisant,1
occuper,1
puy,1
geniale,1
regulierement,1
redemarrer,1
superficiel,1
budget,1
ecoulement,1
bac_de_douche,1
mins,1
rapporter,1
ados,1
intermediaire,1
labyrinthique,1
lilliputien,1
extraordinaire,1
tranquille,1
revenu,1
cm,1
siege,1
imperativement,1
inevitablement,1
serrer,1
enchanter,1
personnellement,1
possession,1
vacance,1
ajoute,1
drap_de_bain,1
appetissant,1
code,1
gardien,1
refouler,1
convenir,1
ventiler,1
battant,1
bague,1
siphon,1
petitesse,1
simpliste,1
tolerable,1
coherent,1
accole,1
martin,1
fumee,1
persistant,1
cigarette,1
constater,1
amelioration,1
enseigne,1
reperable,1
vigilance,1
exigeant,1
agreer,1
topissime,1
proprietaires,1
denuder,1
fils,1
danger,1
fournir,1
utilisable,1
taper,1
automobiliste,1
attache,1
prevenant,1
cours,1
inonder,1
claquant,1
deregler,1
provenance,1
badge,1
usage,1
reseau,1
deconnecter,1
figer,1
constamment,1
pencher,1
restaurateur,1
largeur,1
barre_de_douche,1
donnee,1
jouer,1
nulle,1
liberer,1
dispute,1
clima,1
bout,1
couple,1
salarier,1
cuisine,1
masque,1
rever,1
placo,1
inclus,1
router,1
coudre,1
barrer,1
inondable,1
accord,1
matiere,1
mode,1
alese,1
handicap,1
systeme_de_douche,1
lave,1
sorte,1
halte,1
frequenter,1
indication,1
franco,1
integre,1
denoter,1
ie,1
distance,1
egal,1
mai,1
dysfonctionnement,1
barquette,1
espresso,1
produit_de_toilette,1
avis,1
vetustes,1
personnage,1
agite,1
ressortir,1
inonde,1
veste,1
dimension,1
intervenir,1
mener,1
agir,1
evenement,1
fetards,1
decorations,1
reparation,1
collectif,1
cruel,1
annoncer,1
pmr,1
comporter,1
verite,1
lifting,1
abat,1
approche,1
brosse,1
degat,1
dent,1
dNUM,1
incompetent,1
arrogant,1
horodateur,1
robinet,1
pointer,1
conformite,1
classement,1
ocean,1
plexiglas,1
judicieux,1
salle_de_bien,1
filtrer,1
xxl,1
indiquer,1
repasser,1
boulangerie,1
alcoolise,1
crier,1
ravissement,1
coincer,1
puissance,1
jet,1
rouer,1
ajourer,1
lamelle,1
bourgogne,1
simplicite,1
aidant,1
sncf,1
reduire,1
cloison,1
accoustique,1
flou,1
insulter,1
moquer,1
quasiment,1
aboyer,1
deposer,1
ligne,1
droit,1
blanc,1
bruis,1
suffocant,1
terasse,1
obscur,1
zero,1
fesait,1
scotch,1
cauchemar,1
paire,1
croise,1
spartiate,1
compagne,1
fioriture,1
superflu,1
hote,1
delabrement,1
bruillant,1
porte_de_douche,1
bombe,1
tresbien,1
optimiser,1
viellot,1
rasoir,1
fourniture,1
aplomb,1
distribution,1
rebord,1
activer,1
reprise,1
posseder,1
tentant,1
inter,1
chere,1
intensite,1
embarquement,1
tardivement,1
hypercentre,1
rugby,1
autoriser,1
moussant,1
favorablement,1
ecailler,1
reconnaitre,1
bebe,1
visser,1
poussoir,1
boucher,1
rentrant,1
orange,1
soucoupe,1
carre,1
collant,1
remarque,1
salubrite,1
regulier,1
beton,1
spectacle,1
resident,1
demenagement,1
vivre,1
douteux,1
moucheron,1
dialogue,1
frequentation,1
encrasser,1
parquet,1
televiseur,1
intermittence,1
an,1
permanent,1
eteint,1
automatiquement,1
revers,1
frequente,1
medaille,1
fermee,1
passable,1
couchage,1
negligence,1
plomberie,1
ouvrage,1
conditionne,1
conditionner,1
oreille,1
fournaise,1
doter,1
alentours,1
condamner,1
decharger,1
oiseau,1
justement,1
investir,1
urgent,1
demeure,1
malade,1
prevenir,1
insister,1
business,1
cherche,1
developper,1
integralement,1
dangereux,1
antiderapant,1
positionnement,1
constant,1
conclusion,1
pancarte,1
etes,1
pauvre,1
priver,1
support_de_douche,1
testament,1
lune,1
appeler,1
nettement,1
texto,1
com,1
norme,1
gerer,1
alternance,1
precaution,1
occulter,1
pu,1
NUMheures,1
grossierement,1
cage,1
NUMkg,1
mesurer,1
garanti,1
circulation,1
disparu,1
refermer,1
demarrer,1
pretendant,1
sante,1
evidemment,1
vacarme,1
rouiller,1
stupide,1
aboiement,1
inverser,1
disfonctionnements,1
sdeb,1
leclerc,1
latte,1
abimees,1
portable,1
eponger,1
degrader,1
mensonger,1
citer,1
taxe,1
honnetete,1
aleatoirement,1
biais,1
couvercle,1
ordure,1
detecteur,1
alcool,1
abriter,1
principe,1
bec,1
retirer,1
debarrasser,1
assiste,1
palier,1
incendier,1
implantation,1
dechire,1
vole,1
atout,1
generale,1
tenue,1
fichu,1
envie,1
bestiole,1
phrase,1
depenser,1
imaginer,1
reputation,1
intelligence,1
mat,1
maximum,1
tenable,1
calamiteux,1
noter,1
NUMkm,1
pietonnier,1
glacial,1
livrer,1
patient,1
filtrant,1
linge_de_bain,1
signe,1
sortant,1
sdf,1
enceinte,1
gorge,1
racler,1
lecon,1
horreur,1
hate,1
saoul,1
deverrouiller,1
baser,1
bourrer,1
frapper,1
compliquer,1
chambrer,1
user,1
privilegier,1
article_de_toilette,1
mentionner,1
piqueur,1
marteau,1
contenir,1
cafard,1
calcaire,1
hurler,1
inadmissible,1
vieillerie,1
hotelier,1
degrade,1
pietre,1
cycliste,1
ami,1
inconcevable,1
agressif,1
appel,1
denude,1
produit_de_douche,1
anti,1
svp,1
utilite,1
remboursement,1
charge,1
comble,1
prouver,1
inapproprie,1
facturation,1
attitude,1
personnalite,1
ose,1
marre,1
francais,1
tort,1
vacancier,1
assumer,1
pareil,1
metier,1
individu,1
principale,1
reviser,1
ampoule,1
test,1
refuser,1
attractif,1
puer,1
prendre_de_bain,1
regretter,1
detendre,1
saison,1
demain,1
estival,1
effectivement,1
palace,1
groom,1
cintrer,1
accueuil,1
bienveillance,1
evasion,1
remercier,1
patrick,1
exploite,1
histoire,1
hNUM,1
derange,1
sobriete,1
parenthese,1
symbolique,1
titre,1
faciliter,1
kid,1
friendly,1
usb,1
grignoter,1
personnaliser,1
alimentaire,1
abondant,1
aperitif,1
chouchou,1
traversin,1
hotesse,1
rayonnant,1
variable,1
courtoisie,1
raffine,1
objet,1
communal,1
contemporain,1
sain,1
emma,1
surclasser,1
meteo,1
puisqu,1
brunch,1
apero,1
quitte,1
auto,1
info,1
cosmetique,1
volume,1
benefice,1
cafetiere,1
salle_de_dejeuner,1
competent,1
in,1
mignonne,1
louer,1
parcours,1
yann,1
centraliser,1
couverte,1
assistance,1
batisse,1
compter,1
moto,1
sup,1
regaler,1
maintenir,1
sechage,1
modernite,1
pou,1
fatiguer,1
presser,1
chipoter,1
concept,1
ou,1
nothing,1
basse,1
reamenager,1
cosmopolite,1
no,1
tranquilite,1
vrac,1
pancake,1
afflux,1
partenaire,1
regale,1
agrement,1
rayonner,1
aussitot,1
ajustable,1
signalement,1
ajout,1
participation,1
gre,1
insu,1
ananas,1
compote,1
delice,1
passee,1
encas,1
extreme,1
austere,1
avouer,1
modique,1
conserver,1
normale,1
lobby,1
ruelle,1
propriete,1
accompagnement,1
signaletique,1
compense,1
encablure,1
dater,1
borne,1
recharge,1
ambiguite,1
jouxter,1
historique,1
reussir,1
limitation,1
etriquer,1
cheminee,1
remise,1
mariage,1
anniversaire,1
macaron,1
egard,1
delicat,1
accompagnant,1
message,1
portee,1
sobre,1
peignoir,1
sortie_de_bain,1
chausson,1
parcourir,1
boulanger,1
artisan,1
excellence,1
eteindre,1
commercant,1
curiosite,1
original,1
chaudement,1
soucier,1
mangeable,1
eplucher,1
emmener,1
chienne,1
cervical,1
complement,1
gain,1
reservoir,1
chemin,1
deviation,1
contact,1
annuler,1
contraindre,1
ramassage,1
humain,1
appartement,1
julie,1
foule,1
existant,1
regle,1
autorisation,1
materiel,1
surchauffe,1
serviabilite,1
surpris,1
soufflerie,1
evidence,1
lambda,1
enleve,1
direction,1
caractere,1
aspect,1
desert,1
aviner,1
liberte,1
tonalite,1
abri,1
vent,1
modernisme,1
parterre,1
ecologie,1
jardin,1
charger,1
etrange,1
brancher,1
staff,1
externe,1
journal,1
aromatiser,1
variete,1
taxi,1
matinal,1
arbre,1
ramasser,1
dechirer,1
rugueux,1
conduit,1
qualitee,1
toilet,1
davantage,1
motiver,1
magie,1
contraster,1
invitant,1
diffuser,1
masse,1
musculation,1
must,1
commencer,1
reunir,1
artisanal,1
gagner,1
separation,1
salle_de_repas,1
precieux,1
autorise,1
musical,1
mouchoir,1
paquet,1
decevoir,1
opter,1
resoudre,1
sympatique,1
nourriture,1
saler,1
crypter,1
familial,1
brouille,1
competence,1
occidental,1
regional,1
commune,1
systematique,1
clean,1
application,1
rapide,1
tranquillite,1
conception,1
base,1
provenir,1
hebergement,1
economique,1
griller,1
failli,1
devenir,1
deplacement,1
affaire_de_toilette,1
professionel,1
pouce,1
infusion,1
soluble,1
fonctionnement,1
balai,1
archi,1
traiteur,1
deguster,1
inestimable,1
genre,1
ouvrier,1
desarroi,1
essentiellement,1
informer,1
figurer,1
actualite,1
supposer,1
explicite,1
regal,1
visiblement,1
peignoir_de_bain,1
equilibre,1
pdt,1
gobelet,1
renseignement,1
verification,1
conso,1
numero,1
education,1
fille,1
machine,1
roulement,1
peur,1
doigt,1
filet,1
categorie,1
discours,1
coordination,1
reversible,1
recommandable,1
ravissant,1
explication,1
tableau,1
fauteuil,1
vegetal,1
presse,1
vegans,1
lait,1
pittoresque,1
aix,1
oleron,1
bus,1
boyard,1
ile,1
decouverte,1
navette,1
transport,1
exceptionnellement,1
mangeur,1
surface,1
annexe,1
fraiches,1
ca,1
cle,1
accompagner,1
plaisance,1
serenite,1
impecc,1
nette,1
velodyssee,1
jaune,1
vaste,1
necessiter,1
perilleux,1
planete,1
ado,1
ecole,1
barriere,1
console,1
mural,1
t°,1
totalement,1
perdu,1
desuet,1
NUMmn,1
devanture,1
exiger,1
inutilisable,1
etonnant,1
contenu,1
depot,1
NUMcm,1
boite,1
rdv,1
diminuer,1
issus,1
augmenter,1
explicatif,1
surprenant,1
decouvert,1
prolonger,1
interne,1
exorbitant,1
desuete,1
cocktail,1
nuitee,1
craintif,1
peti,1
pile,1
ouvrable,1
oppressant,1
sombre,1
certe,1
global,1
rassis,1
NUMm,1
visuel,1
attitre,1
grandement,1
feutrer,1
contamination,1
augmentation,1
ordre,1
cles,1
recurer,1
perturber,1
deplace,1
tombee,1
actuellement,1
demagnetisees,1
retrouver,1
galere,1
devaliser,1
discuter,1
envoyer,1
anglais,1
dejeunes,1
apparement,1
expliquer,1
ouvrent,1
surclassement,1
look,1
consequente,1
exigues,1
installe,1
devouer,1
environnant,1
filtre,1
controler,1
mitoyen,1
goutte,1
evacuer,1
dispose,1
plainte,1
motif,1
estime,1
librement,1
pleinement,1
effort,1
coute,1
prop,1
litterie,1
splendide,1
canne,1
rouge,1
jugement,1
virus,1
logement,1
concevoir,1
moteur,1
creneau,1
fatigant,1
interdire,1
dessert,1
renseigner,1
preparation,1
resumer,1
formation,1
reglement,1
insuffisance,1
surcout,1
proposant,1
bacon,1
mignon,1
forcement,1
front,1
bosse,1
pre,1
requis,1
localiser,1
apprendre,1
specialement,1
recurrent,1
perceuse,1
architectural,1
prore,1
penible,1
saute,1
kleenex,1
volontiers,1
congelateur,1
chic,1
luxe,1
accepter,1
demonte,1
jeunesse,1
estomac,1
idem,1
acceuille,1
aureole,1
miette,1
preceder,1
poussiereux,1
charniere,1
visible,1
crasseux,1
pardon,1
souterrain,1
equivalent,1
impression,1
self,1
longueur,1
NUM°c,1
modifiable,1
cordial,1
balayeuse,1
eboueur,1
vehicules,1
bonde,1
implanter,1
transat,1
tranche,1
appliquer,1
definitif,1
standardiser,1
roomservice,1
dessecher,1
archaique,1
melangeur,1
fleur,1
NUMetoiles,1
trouer,1
vecu,1
chouette,1
eclaboussure,1
collegue,1
debrouiller,1
contraste,1
epuiser,1
NUMlit,1
comportement,1
comprehensif,1
deborder,1
humeur,1
monsieur,1
rencontrer,1
noir,1
ignoble,1
prison,1
coffre,1
pourrir,1
fixer,1
ke,1
presentation,1
producteur,1
reprocher,1
alentour,1
magasin,1
obsequieux,1
sac,1
consecutif,1
lier,1
change,1
carnet,1
stylo,1
audible,1
chute,1
entrainer,1
retard,1
